{
    "name": "Diaries Of A Hero",
    "albumCover": "/images/albumCovers/DiariesOfAHero.png",
    "releaseYear": "2014",
    "tracks": [
        {
            "id": 1,
            "name": "Intro",
            "path": "/songs/Intro.mp3"
        },
        {
            "id": 2,
            "name": "Solitude",
            "path": "/songs/Solitude.mp3"
        },
        {
            "id": 3,
            "name": "Manimal",
            "path": "/songs/Manimal.mp3"
        },
        {
            "id": 4,
            "name": "J5",
            "path": "/songs/J5.mp3"
        },
        {
            "id": 5,
            "name": "Throne",
            "path": "/songs/Throne.mp3"
        },
        {
            "id": 6,
            "name": "Scarwhores",
            "path": "/songs/Scarwhores.mp3"
        },
        {
            "id": 7,
            "name": "Highschool Funeral",
            "path": "/songs/Highschool Funeral.mp3"
        },
        {
            "id": 8,
            "name": "Get Away",
            "path": "/songs/Get Away.mp3"
        },
        {
            "id": 9,
            "name": "Victims of Chaos",
            "path": "/songs/Victims of Chaos.mp3"
        },
        {
            "id": 10,
            "name": "Neruda",
            "path": "/songs/Neruda.mp3"
        },
        {
            "id": 11,
            "name": "Brother",
            "path": "/songs/Brother.mp3"
        }
    ]
}

